,Anh,Tac gia,Ten sach,NXB
0,1.jpg,THS HUỲNH QUỐC HÙNG NGUYỄN NHƯ QUANG LÊ BẢO CHÂU,TUYEN CHON CÁC BAI TOAN ĐÓ55 NĂNG CAO,NHÀ XUẤT BẢN ĐẠI HỌC QUỐC GIA THÀNH PHỐ HỒ CHÍ MINH
1,2.jpg,BÙI MẠNH HÙNG (Chủ biên) PHAN HUY DŨNG - NGUYỄN THỊ NGÂN HOA - ĐẶNG LƯU KẾT NÔI TRI THỨC VỚI CUỘC SỐNG,Bài tập 6 NGỮ VĂN,NHÀ XUẤT BẢN GIÁO DỤC VIỆT NAM
2,3.jpg,NGUYỄN TẤT THÁNG (Tồng Chủ biên) - TRẦN THỊ LAN HƯƠNG CCHủ biên) Cánh Diêu HOÀNG XUÂN ANH - NGUYỄN THỊ THANH HUỆ - BÙI THI HÀI YẾN,Công nghệ GI,SD ĐẠI HỌC SƯ PHẠM TP HỒ CHÍ MINH
3,4.jpg,NGUYỄN VĂN KHÁNH ĐẶNG THỊ OANH - MAI SỸ TUẤN (đông Cho bịch LÊ MINH CÁM - NGÔ NGỌC HOA - PHAN THỊ THANH HỘ NGO VÀN ĐỒ THANH HỮU - CAO TIẾN KHOA - LÊ THỊ THANH - NGUYỄN NỨC,Bài tập Khoa học tự nhiên Giả,NHÀ XUẤT BẢN ĐẠI HỌC SƯ PHẠM
4,5.jpg,ĐỖ THANH BÌNH - ĐỒ THỊ MINH ĐỨC (đồng Chủ biên) PHẠM THỊ KIM ANH - NGUYỄN VĂN DŨNG - NGUYỄN VĂN NINH Cánh Diêu NGUYỄN PHÙNG TÁM - KIẾU VĂN HOAN - BÙI THỊ BÍCH NGỌC,Bài tập Lịch sử và Đia lí GI SP,NHÀ XUẤT BẢN ĐẠI HỌC SƯ PHẠM Fahasaoom
5,6.jpg,ĐÔ ĐỨC THÁI Cánh Diều,BÀI TẬP Toáng TẬP HAI -18,ahaso com
6,7.jpg,NGUYỄN THỊ NHUNG - NGUYỄN XUÂN TIÊN (đồng Tổng Chủ biên) NGUYỄN TUẤN CƯỜNG - NGUYỄN HỒNG NGỌC (đồng Chủ biên) QUÁCH THỊ NGỌC AN - NGUYỄN DƯƠNG HẢI ĐĂNG - NGUYỄN ĐỨC GIANG TRẦN ĐOÀN THANH NGỌC - ĐÀM THỊ HẢI UYÊN - TRẦN THỊ VÂN Chân trời sáng tạo,Bài tập MĨ THUẬT 6,NHÀ XUẤT BẢN GIÁO DỤC VIỆT NAM www sachkhanhhoa.com
7,8.jpg,ĐÔ ĐỨC THÁI Cánh Diều,BÀI TẬP Toáng,NHÀ XUẤT BẢN ĐẠI HỌC SƯ PHẠM Fahasa.com
8,9.jpg,TRẦN VĂN THẮNG (Tổng Chủ biên kiêm Chủ biên) NGUYỄN THỊ THU HOÀI - NGUYỄN THUÝ QUỲNH - MAI THU TRANG Cánh Diều,Giáo duc công dân 6 thu,ĐẠI HỌC SƯ PHẠM TP HỒ CHÍ MINH
9,10.jpg,LƯU QUANG HIỆP (Tồng Chủ biên) - ĐINH QUANG NGỌC (Chủ biên) ĐINH KHÁNH THU - MAI THỊ BÍCH NGỌC - NGUYỄN VĂN THÀNH Cánh Diều,Giúo dục thế chút 6 Fahasa.com SP,NHÀ XUẤT BẢN ĐẠI HỌC SƯ PHẠM
10,11.jpg,UỶ BAN NHÂN DÂN TỈNH KHÁNH HOÀ SỞ GIÁO DỤC VÀ ĐÀO TẠO,TÀI LIỆU GIÁO DỤC ĐỊA PHƯƠNG TỈNH KHANH HOA,NHÀ XUẤT BẢN GIÁO DỤC VIỆT NAM
11,12.jpg,NGUYỄN ĐÌNH SOA,HÓA ĐẠI CƯƠNG,NHÀ XUẤT BẢN ĐẠI HỌC QUỐC GIA TP HỒ CHÍ MINH
12,13.jpg,ĐINH THỊ KIM THOA - VŨ QUANG TUYÊN (đồng Tông Chủ biên) VŨ ĐÌNH BẢY - TRẦN THỊ QUỲNH TRANG đđng Chủ biên) TRẦN MINH HƯỜNG - NGUYỄN THỊ BÍCH LIÊN - VŨ PHƯƠNG LIÊN TRÁN BẢO NGỌC - LẠI THỊ YẾN NGỌC - VŨ THANH THUY - PHẠM ĐÌNH VĂN Chân trời sáng tạo,HOẠT ĐỘNG TRẢI NGHIỆM 6 HƯỚNG NGHIỆP,NHÀ XUẤT BẢN GIÁO DỤC VIỆT NAM
13,14.jpg,TỦ SÁCH VĂN HÓA CỔ TRUYỀN PHƯƠNG ĐÔNG,TỦ ĐIỂN TIỆU VĂN HÓA CỔ TRUYỀN N TRUNG HOA ÂM DƯƠNG NGÙ HÀNH O THIÊN NHÂN CẢM ỨNGO KHÍ CÔNG TRUNG YO DỊCH LÝ TƯỢNG SỐ - THUẬT ĐOÁN MỆNH O TƯỚNG THUẬT TẠP CHIẾM O THUÁT CHIẾM TINH O KHAM DƯƠ VU THUẬT TỒ TEMO ĐẠO GIÁO O PHẬT GIẢO CHƯ THẦN O QUY MỊ YSOK KI,NHÀ XUẤT BẢN VĂN HÓA THÔNG TIN
14,15.jpg,BỘ GIÁO DỤC VÀ ĐÀO TẠO,GIÁO TRÌNH TRIẾT HỌC MÁC-LÊNIN,HÀ NỘI 8-2019
15,16.jpg,TRƯỜNG ĐẠI HỌC SƯ PHẠM TP. HỒ CHÍ MINH,Giáo trình TIN HỌC CƠ BÁN Biên soạn theo Chuần kỹ năng sử dụng Công nghệ Thông tin (Thông tư số 03-2014-TT-BTTT) Windous 10 Ollice 2010,NHÀ XUẤT BẢN ĐẠI HỌC SƯ PHẠM TP HỒ CHÍ MINH
16,17.jpg,MIỀU CÔNG TỬ,999 la thư gửi cho chính mình,Nhà xuất bản Van VletBooks Thanh Niên
17,18.jpg,TRẦN THÙY DƯƠNG,MÔN NGỮ VĂN,LƯU HÀNH NỘI BỘ
18,19.jpg,TRANG ANH,Tuyển tập 1800 40 MOCUNG,NHÀ XUẤT BẢN HỒNG ĐỨC
19,20.jpg,TRANG ANH,CHUYÊN ĐỀ 25 NGUYHÁP TIẾNG ANH TÂM TRỌNG 2,NHÀ XUẤT BẢN ĐẠI HỌC SƯ PHẠM
20,21.jpg,TRANG ANH,35 ĐỀ MINH HOẠ LUYỆN THI THPT QUỐC GIA 2020 MÔN TIẾNG ANH,NHÀ XUẤT BẢN HỒNG ĐỨC
21,22.jpg,OXFORD,TỪ ĐIẾN ANH ANH VIỆT ENGLISH ENGLISH VIETNAMESE,NHÀ XUẤT BẢN ĐẠI HỌC QUỐC GIA HÀ NỘI
22,23.jpg,BỦI MẠNH HÙNG (Tổng Chủ biên) NGUYỄN THỊ NGÂN HOA [Chủ biên) PHAN HUY DŨNG - PHẠM ĐẶNG XUÂN HƯƠNG KẾT NỐI TRI THỨC ĐẶNG LƯU - NGUYỄN THANH TÙNG VÔI CUỘC SỐNG,NGỮ VĂN 6,NHÀ XUẤT BẢN GIÁO DỤC VIỆT NAM
23,24.jpg,NGUYỄN THIỆN GIÁP (Chủ biên) ĐOÀN THIỆN THUẬT - NGUYỄN MINH THUYẾT,DẪN LUÂN NGÔN NGỮ HỌC,NHÀ XUẤT BẢN GIẢO DỰC VIỆT NAM
24,25.jpg,TỨC VÀ ĐÁO TẠO,SINH HỌC,11
25,26.jpg,BỘ GIAO BỤC VÀ ĐÀO TẠO,ĐẠI SỐ 10,NHÀ XUẤT BẢN GIẢO DỤC
26,27.jpg,BỘ GIẢO DỤC VÀ ĐÀO TẠO,HÌNH HỌC 10,NHÀ XUẤT BẢN GIÁO DỤC
27,28.jpg,BỘ GIÁO ĐỰC VÀ ĐÀO TẠO PHAN NGỌC LIÊN (Tổng Chủ biên kiêm Chủ biên) NGUYỄN NGỌC CƠ (đồng Chủ biên) NGUYỄN ANH DŨNG - TRỊNH ĐÌNH TÙNG - TRẦN THỊ VINH,LỊCH SỬ 11,NHÀ XUẤT BẢN GIÁO DỤC
28,29.jpg,COUCHO CHO CHO CHO CHO CHO CHO CHO CHO CHO CHO CHO CHO CHO CHO CHO CHO CHO CHO CHO CHO CHO CHO CHO CHO CHO CHO CHO CHO CHO CHO CH BỘ GIÁO DỤC VÀ ĐÀO TẠO LÊ THÔNG (Tồng Chủ biên) NGUYỄN THỊ MINH PHƯƠNG (Chủ biên) PHẠM VIẾT HỒNG - NGUYỄN VIỆT HÙNG - ÔNG THỊ ĐAN THANH TRẦN ĐỨC TUẤN - NGUYỄN ĐÚC VÚ,ĐỊA LÍ 11,NHÀ XUẤT BẢN GIÁO DỤC
29,30.jpg,ĐỐ ĐỨC THÁI (Tổng Chủ biên kiêm Chủ biên) LÊ TUẤN ANH - ĐỖ TIẾN ĐẠT - NGUYỄN SƠN HÀ Canh Diểu NGUYỄN THỊ PHƯƠNG LOẠN - PHẠM SY NAM - PHẠM ĐỨC QUANG,Toản 6 TẬP HAI cưới quang điềng 15 30 km lã 30.7.30.7.14 cho) 45 45 Fahasa.c SP,NHÀ XUẤT BẢN ĐẠI HỌC SƯ PHẠM
30,31.jpg,NGUYỄN THỊ MINH HƯƠNG (Giáo viên chuyên Anh Trường Quốc học Huế),1 EN GLISH 2,NHÀ XUẤT BẢN TỔNG HỢP THÀNH PHỐ HỒ CHÍ XINH
31,32.jpg,LÊ MẬU THẢO LÊ MẬU UY DŨNG - LÊ VĂN HOẠT,HÌNH HỌC 11,NHÀ XUẤT BẢN THANH HÓA
32,33.jpg,VŨ THỊ PHÁT MINH - CHÂU VĂN TẠO Khoa Vật lí-Trường Đại học Khoa học Tự Nhiên,"BÀI TẬP VẬT LÍ 12 (LUYỆN THI ĐẠI HỌC) Tập 2 HOEN XXCON""",NHÀ XUẤT BẢN ĐẠI HỌC QUỐC GIA TP HỒ CHÍ MINH
33,34.jpg,BỘ GIÁO DỤC VÀ ĐÀO TẠO PHẠN TRỌNG LUẬN (Tồng Chủ biên) - TRẦN ĐĂNG SUYỄN CCủủ biên phần Vân) BÚI MINH TOAN Chủ biên phân Tiếng Việu - Lê A(Chủ biên phân Làm văn) LÊ NGUYỄN CẦN - ĐẶNG ANH ĐÀO-NGUYỄN THỊ NGÂN HOA NGUYỄN THÁI HOÀ - ĐỒ KIM HỒI - NGUYỄN XUÂN NAM ĐOÀN ĐỨC PHƯƠNG - NGUYỄN PHƯỢNG - VŨ DƯƠNG QUY,văn Ngữ văn TẬP MỘT 12,NHÀ XUẤT BẢN GIÁO DỤC VIỆT NAM
34,35.jpg,PGS.TS NGUYỄN VĂN LỘC,1990 Bài Tập Trắc Nghiệm Toán 11,NHÀ XUẤT BẢN ĐẠI HỌC QUỐC GIA TP HỒ CHÍ MINH
35,36.jpg,VŨ THỊ PHÁT MỊNH - CHÂU VĂN TẠO - NGUYỄN ĐĂNG KHOA Khoa Vật Hí - Trường Đại học Khoa học Tự nhiên Đại học Quốc gia TP.HOM Hướng dẫn,GIẢI BÀI TẬP VẬT LÍ 12,NỘI
36,37.jpg,BỘ GIẢO DỤC VÀ ĐÀO TẠO,VÂT 11,NHÀ XUẤT BẢN GIÁO DỤC VIỆT NAM
37,38.jpg,HOÀNG VĂN VĂN (Tổng Chủ biên) - NGUYỄN THỊ CHI Chủ biên!,TIẾNG ANH 6,NHÀ XUẤT BẢN GIÁO DỤC VIỆT NAM
38,39.jpg,Hashong Tác giả: CARMINE GALLO Buging Victnam Bi Hai dịch,Apple,Nhà xuất bản Lao Động
39,40.jpg,Hashtag Tác giả: CARMINE GALLO Business Vietnam Nguyễn Thanh Hải dịch,Apple,Nhà xuất bản Lao Động
40,41.jpg,UNARIKINH Wall Street Journal Bestseller,CHÓ SỦA NHÂM CÂY Tại sao những gì ta biết về thành công có khi lại sai BARKING UP THE WRONG TREE ERIC RARKER,Phạm Quốc Khánh & Nguyễn Hạo Nhiên dịch
41,42.jpg,THỰC HÀNH,GIÁO DỤC NHÂN CÁCH GIÚP TRẺ TRƯƠNG THÀNH HẠNH PHÚC VÀ VỮNG VÀNG NHÀ XUẤT BẢN HEARY BIÊN SOẠN -,PHU NỮ VIỆT NAM
42,43.jpg,HOÀNG VĂN VÂN Tổng Chủ biên! - NGUYỄN THỊ CHI Chủ biên),TIẾNG ANH 6,NHÀ XUẤT BẢN GIÁO DỤC VIỆT NAM
43,44.jpg,,HOMECOMING HỒI SINH ĐỨA TRẺ BÊN TRONG BẠN JOHN BRADSHAW,Khải Nguyễn dịch
44,45.jpg,Nguyễn Anh Vinh (chú biên) Nguyễn Văn Tuyên - Trịnh Lê Hoàng-Đặng Thị Lan Anh Bí quuét chinh phục,C,NHÀ XUẤT BẢN ĐẠI HỌC QUỐC GIA HÀ NỘI
45,46.jpg,MUOI Nguyễn Anh Vinh (chú biên) Nguyễn Văn Tuyên - Trịnh Lễ Hoàng - Đặng Thị Lan Anh COP Bí quuết chinh phục,ĐIỀM CẠO S,XUẤT BẢN ĐẠI HỌC QUỐC GIA HÀ NỘI
46,47.jpg,THUY QUA CIO Doi an NAV LUCN CAY AY THOẠI LÀ ANH cảu CONAN CHẠY CÙNG BẢN LÁC vàng thu chuyện SAY VI NGÂN TR MAY THI dịch thuyết BƯƠU MÁI NAO MO vai to THONG MAY TOA CAA HONG NĂY IN CO CON Khoa dịch Thác LAN T COU CHO ANCO chu chu cho thu dàn Chủ con PGS.TS.Phan Thị Thanh Hội (Chủ biên) CONG the chu thuy XAM NG TS.Ngô Văn Hung,SINH HỌC NHÀ THU THI,NHÀ XUẤT BẢN ĐẠI HỌC QUỐC GIA HÀ NỘI MUSIC TELEVISION
47,48.jpg,Dịch,SÁCH RÀI TẬP VỀ NHÀ (HOMEWORC NOOCLET) Kid's Box 1 .PAL 3,Tài liệu lưu hành nội bộ Năm 2014
48,49.jpg,KIKO,SÁCH RÀI TẬP VỀ NHÀ (HOMEWORC NOOCLET) Kid's Box 1 .PAL 4,Tài liệu lưu hành nội bộ Năm 2014
49,50.jpg,Kĩ năng vàng cho teon thế ki 21,BÍ KÍP QUẢN LÍ THỜI GIAN,Nhà xuất bản Kim Đồng Khám phá những chiến thuật để quản lí thời gian thật hiệu quả vận dụng linh hoạt vào học tập và muôn mặt của đời sống
50,51.jpg,HỘI ĐÔNG ĐỘI TRUNG ƯƠNG,Sổ tay ĐỘI VIÊN,KIM ĐÔNG NHÀ XUẤT BẢN KIM ĐỒNG
51,52.jpg,BỘ GIÁO DỤC VÀ ĐÀO TẠO,GIÁO DỤC CÔNG DÂN 8,NHÀ XUẤT BẢN GIÁO DỰC VIỆT NAM
52,53.jpg,SỞ GIÁO DỤC VÀ ĐÀO TẠO KHÁNH HÒA,TÀI LIỆU HƯỚNG DẪN TÍCH HỢP GIÁO DỤC GIÁ TRỊ SỐNG MÔN GIÁO DỤC CÔNG DÂN CÁP TRUNG HỌC PHỐ THÔNG,"Nha trang, tháng 1012010"
53,54.jpg,TRẦN VĂN CHƯƠNG (Chủ biên) NGUYỄN THỊ THANH MAI - TRẦN VĂN THẮNG LƯU THU THUY,Tình huống GIÁO DỤC CÔNG DÂN 10,NHÀ XUẤT BẢN GIÁO DỤC
54,55.jpg,PGS.TS.ĐẬU THẾ CẤP (Hiệu đính) PHAN VĂN ĐỨC,500 BÀI TẬP TOANG CHỌN LỌC,NHÀ XUẤT BẢN HẢI PHỎNG
55,56.jpg,Tác giả sách hản chạy nhất thế,"COLLEEN MECULLOUGH Conthim ản mình chờ chết The Thorn Birds ""Thực sự trác tuyệt, một tình sử làm tan nát con tim. CAICAGO TRIBUNE C 9",NHÀ XUẤT BẢN TRẺ
56,57.jpg,TRUYỆN PHIẾU LƯU MẠO HIỂM CHỌN LỌC Lê Quang Binh,KINH HOANG,Nhà xuất bản THẠNH NIÊN TRẺ
57,58.jpg,,STE nhiêu,NGUYỄ ROSIE N THE 41 BESTSELLER
58,59.jpg,KHOA HỌC POP KHÁM PHÁ,Mr.Tompkins trong vương quốc tương đối và vương quốc nguyên tử GEORGE GAMOW,NHÀ XUẤT BẢN TRẺ
59,60.jpg,,CHÂU VĂN VAN TRAM TINH LANG HỜ Tố Hỉnh dịch NHÀ XUẤT BẢN TRẺ,HÀ NỔI
60,61.jpg,Nguyễn Văn Thư IChủ biên) Bùi Trọng Hùng,ÔN ĐINH tàu biển,NHÀ XUẤT BẢN KHOA HỌC VÀ KỸ THUẬT
61,62.jpg,PHAN CUỐNG,ĐAI NAM,DỊ TRUYỆN
62,63.jpg,Tác giả: TS.TTr NGUYỄN PHÙNG HƯNG [Chủ biên) TS. TT..PHẠM KỲ QUANG: THS. TT NGUYỄN THÁI DƯƠNG,GIÁO TRÌNH ĐỊA VĂN HÀNG HẢI TVT IỆN .89,NHÀ XUẤT BẢN GIAO THÔNG VẬN TẢI
63,64.jpg,ktếu Nhất,tịnh không thích thê giới này Anh chí thích em,Losedow dịch
64,65.jpg,LUIS SEPÚLVEDA,2,NHÀ XUẤT BẢN HỘI NHÀ VĂN
65,66.jpg,,"5chinh phục người đối diện HOW to STARTa CONVERSATION Make Friends Để trở thành bậc thầy giao tiếp Trực tiếp & Trực tuyến ""Một thiên tài trò chuyện bẩm sinh."" Tờ New Yorker Don Gabor",Nhà xuất bản Lao Động - Xã Hội Thai Uyon
66,67.jpg,,"""HACK"" NÁO 1500 TỪ TIẾNG ANH",hơn cưng tất thảy nhé! CONSEQUENCE: CON SẼ QUEN một anh đẹp trai nhưng nhất định vẽ không để lại HẬU QUẢ nên mẹ yên tâm nhé! AZAO mon 2 COACHI TRONG Chi 1 500 Nhà niết bảng đông
67,68.jpg,THE + BESTSELLER,COLLEEN MCCULLOUGH TIÊNG CHIM HOT TRONG BỤI MAN GAI,vh
68,69.jpg,,nguyễn nhật ánh Tột,NHÀ XUẤT BẢN TRẺ
69,70.jpg,VIN NGHINN COU VAN HOÁ,TINH HOA VĂN HỌC ĐÂN GIAN NGƯƠI VIỆT Truyện trong,NHÀ XUẤT BẢN KHOA HỌC XA HỘI
70,71.jpg,ăn,GIÁO TRÌNH THUẾ 1 Đồng chủ biên: TS.Lê Quang Cường 10 TS.Nguyễn Kim Quyến 3 0 TAX NHB KINH TẾ TP.HCM-2020,PUBLISHING HOUSE
71,72.jpg,Miêu Công Tử,999 lá thư ghả chịnh minh 0,Nhà xuất bản Van VietBooks Thanh Niên
72,73.jpg,nguyễn nhật ánh,phòng trọ ba người,NHÀ XUẤT BẢU TRẺ
73,74.jpg,,nguyễn nhật ánh đi qua hoa cuc,NHÀ XUẤT BẢN TRẺ
74,75.jpg,NAPOLEON HILL,THING CRO THE LANDMARK BESTSELLER NOW REVISED AND UPDATED FOR THE 21ST CENTURY NGHĨ GIÀU,Việt Khương dịch
75,76.jpg,DALE CARNEGIE,Quảng BEST gánh lo đi Vui sống,NHÀ XUẤT BẢN DÂN TRẺ
76,77.jpg,THI HIỆN THI,ĐIXUN 2,NHÀ XUẤT BẢN KIM ĐỒNG
77,78.jpg,VĂN HỌC TRONG NHÀ TRƯƠNG,Hai ĐỨA TRẺ,vh Nhà xuất bản Văn bọc
78,79.jpg,,TÀI GIỚI BẠN cũng thế,NHÀ XUẤT BẢN PHỤ NỮ
79,80.jpg,NGUYỄN TRANG HƯƠNG Sưu tẩm biên soạn,DANH NHAN ĐẤT VIỆT,NHÀ XUẤT BẢN VĂN HỌC
80,81.jpg,,nguyễn nhật ánh mai biếc,N TRẺ
81,82.jpg,DAN SENOR & SAUL SINGER Tủ xách,QUỐC GIA KHỞI NGHIỆP,NHÀ XUẤT BẢN THẾ GIOI
82,83.jpg,truyện LUIS SEPULVEDA 10,2 bay,PHƯƠNG HUYỀN dịch
83,84.jpg,,nguyễn nhật ánh thứ quyên và tôi tập truyện GIẢ SÁCH 8,NHÀ XUẤT BẢN
84,85.jpg,,nguyễn nhật ánh hạ đỏ,NHÀ XUẤT BẢN TRẺ
85,86.jpg,UỶ BAN NHÂN DÂN TỈNH KHÁNH HOÀ SỞ GIÁO DỤC VÀ ĐÀO TẠO,TÀI LIỆU GIÁO DỤC ĐỊA PHƯƠNG TỈNH KHANH HOA,NHÀ XUẤT BẢN GIÁO DỤC VIỆT NAM
86,87.jpg,TRẦN VĂN THẮNG (Tổng Chủ biên kiêm Chủ biên) ĐĂNG XUÂN ĐIỀU - NGUYỄN THUÝ QUỲNH - MAI THU TRANG Cánh Diều,Bài tập Giáo dục công dân 6 NHÀ XUẤT BẢN SP,ĐẠI HỌC SƯ PHẠM TP HỒ CHÍ MINH Fahasa Com
87,88.jpg,ĐINH THỊ KIM THOA - VŨ QUANG TUYÊN (đồng Tồng Chủ biên) TRẦN THỊ QUỲNH TRANG CCHủ biên) NGUYỄN THỊ BÍCH LIÊN - VŨ PHƯƠNG LIÊN LẠI THỊ YẾN NGỌC - VŨ THANH THUỶ Chân trời sáng tạo,Bài tập HOẠT ĐỘNG TRẢI NGHIỆM 6 HƯỚNG NGHIỆP,NHÀ XUẤT BẢN GIÁO DỤC VIỆT NAM Fahasaloom
88,89.jpg,HÀ ĐẶNG CAO TÙNG (Chủ biên) NGUYỄN HẢI CHÂU - ĐINH THỊ HẠNH MAI - HOÀNG THỊ MAI KẾT NỐI TRI THỨC VỐI CUỘC SỐNG,Bài tập 6 TIN HỌC,NHÀ XUẤT BẢN GIÁO DỤC VIỆT NAM Fahasa.clom
89,90.jpg,BÙI MẠNH HÙNG [Chủ biên) NGUYỄN LINH CHI - NGUYỄN THỊ NGÂN HOA - NGUYỄN THỊ MAI LIÊN LÊ TRÀ MY - LÊ THỊ MINH NGUYỆT NGUYỄN THỊ NƯƠNG - NGUYỄN THỊ HẢI PHƯƠNG KẾT NÔI TRI THỨC VỚI CUỘC SỐNG,Bài tập 6 NGỮ VĂN,NHÀ XUẤT BẢN GIÁO DỤC VIỆT NAM
90,91.jpg,V(N),Trân Châu Cảng,NHÀ XUẤT BẢN THÔNG TẤN
91,92.jpg,,NGUYỄN VĂN HÒA THỰC HÀNH NHẠNH MÁY TÍNH DANH CHO NGƯỜI BẬN RỘN TRAO ĐỔI E-MAIL & TÌM TIN NHANH TRÊN INTERNET TỦ SÁCH TIN HỌC PHƯƠNG NAM NHÀ XUẤT BẢN THÔNG KÊ,2003
92,93.jpg,VON,HEN-RÍCH SIEN-KI-Ê-VÍCH TRÊN SA MẠC VÀ TRONG RƯNG THAM,KIM ĐÔNG
93,94.jpg,TRÁC NHÃ Người dịch: NGUYỄN PHƯƠNG THẢO,Khéo ăn nói sẽ có được thiên hạ,vh NHÀ XUẤT BẢN VĂN HỌC
94,95.jpg,mily Bronti,đồi giókú,vh Nhà xuất bản văn học
95,96.jpg,NGUYỄN TIẾN-VÕ MINH HUỲNH BẢO CHÂU,TOÁN BÓI DƯỞNG HỌC SINH NANG KHIEU TIỂU HỌC Tư liệu tham khảo dành cho phụ huynh và giáo viên 3,NHÀ XUẤT BẢN ĐÀ NẰNG
96,98.jpg,"Ths. LÊ HỒNG ĐỨC (Chủ biên) NGUT, ĐÀO THIỆN KHẢI - LÊ BÍCH NGỌC - LÊ HỮU TRÍ",PHƯƠNG PHÁP GIẢI TOÁN Dao hàm và ứng dụng,NHÀ XUẤT BẢN ĐẠI HỌC SỰ PHẠM
97,99.jpg,BÙI NGỌC ANH tuyện thì THI,Chuyên đề KHẢO SÁT HẠM SỐ,HÀ NỘI NHÀ XUẤT BẢN ĐAI HỌC QUỐC GIA HÀ NỘI
98,100.jpg,NGUYỄN PHÚ KHÁNH,TOÁN,NHÀ XUẤT BẢN ĐẠI HỌC SƯ PHẠM
99,101.jpg,"Phạm Quốc Toản, ThS.Nguyễn Đình Yên, ThS.Bải Xuân Dương Thô. Nguyễn Thị Hải Yén","TỨP PHẠI ĐIỂM THI MÔN VẬT LÍ (Chinh phục kì thi THPTQG và Đại học, Cao đắng) 0 THI THỬ GROUP TỔNG HỢP VIDEO EBOOKS HỌC TẬP BÀI GIANG ONLINE KIẾN THỨC CHẮC KIẾN THỨC - TƯ DUY NHANH - THI LÀ ĐỖI",NHÀ XUẤT BẢN HỒNG ĐỨC McBooks
100,102.jpg,NGUYỄN ĐÌNH SOA,HÓA ĐẠI CƯƠNG,NHÀ XUẤT BẢN ĐẠI HỌC QUỐC GIA TP HỒ CHÍ MINH
101,103.jpg,NGUYỄN HỮU MẠNH,điểm 8.9. 10 HÓA HỌC,NHÀ XUẤT BẢN THANH NIÊN
102,104.jpg,TRẦN CÔNG DIÊU,HEGA LUYỆN ĐỀ THPT QUỐC GIA 2017 TRẮC NGHIỆM TOÁN LUYỆN TẬP 20 ĐỀ THEN CHỐT THEO LỘ TRÌNH 100% CẤU TRÚC 2017,NHÀ XUẤT BẢN ĐẠI HỌC QUỐC GIA HÀ NỘI
103,105.jpg,TĂNG HẢI TUÂN,CÔNG PHỎ VỚI,NHÀ XUẤT BẢN SELLER ĐẠI HỌC QUỐC GIA HÀ NỘI
104,106.jpg,Th.S: QUỐC TÂM - TRỊNH BÌNH ViKnowledge Group,"Auto CAO 201,",NHÀ XUẤT BẢN THANH NIÊN
105,107.jpg,CO THẦN,Những cuộc phiêu lưu của Tom Xoyớ và Hắc phin,HÔNG TINH
106,108.jpg,,FRANK HERBERT KƯU TINH XƯ KAT,nhà nam NHÀ XUẤT BẢN VĂN HỌC
107,109.jpg,NGUYỄN ĐÌNH TRÍ [Chủ biên) TẠ VĂN ĐÌNH - NGUYỄN HỐ QUỲNH,Bải tập TOÁN CAO CẤP Tập một Đại số và Hình học giái tích,NHÀ XUẤT BẢN GIẢO DỤC VIỆT NAM
108,110.jpg,Lữ Đức Hào,THAM KHẢO TOÀN DIỆN Windows server 2003 QUÂN LÝ & PHỤC HÔI SỰ CỔ TRONG WINDOWS SERVER TẬP 3,NHÀ XUẤT BẢN THỐNG KÊ
109,111.jpg,Vẽ Hìm chi,9,NHÀ XUẤT BẢN GIÁO DỤC
110,112.jpg,TRẦN THỊ THÌN,NHỮNG BẬT LÀM VAN MẬU LỚP 10 2,NHÀ XUẤT BẢN TRẺ
111,113.jpg,TRẦN NGỌC THÊM,CƠ SỬ VĂN HOẠ VIỆT NAM,NHÀ XUẤT BẢN GIẢO DỤC
112,114.jpg,ÔN TẬP,TOÁN 9,NHÀ XUẤT BẢN GIÁO DỤC VIỆT NAM
113,115.jpg,VŨ HỮU BÌNH - TÔN THÂN - ĐỔ QUANG THIẾU,TOAN BỐI DƯƠNG HỌC SINH 10 Sxy - 2xy,NHÀ XUẤT BẢN GIÁO DỤC VIỆT NAM
114,116.jpg,NGUYỄN VĂN MẬU CCỦủ biên) - TRẦN NAM DŨNG ĐẶNG HÙNG THẮNG - ĐẶNG HUY RUẬN,Một số vấn đề SO HỌC chọn lọc,NHÀ XUẤT BẢN GIÁO DỤC
115,117.jpg,NGUYỄN NGỌC ĐẠM - VŨ DƯƠNG THỤY,ÔN TẬP HÌNH HỌC 9,NHÀ XUẤT BẢN GIÁO DỤC
116,118.jpg,LƯU QUANG HIỆP (Tồng Chủ biên) - ĐINH QUANG NGỌC (Chủ biên) ĐINH KHÁNH THU - MAI THỊ BÍCH NGỌC - NGUYỄN VĂN THÀNH Cánh Diều,Giúo dục thế chút 6 Fahasa.com SP,NHÀ XUẤT BẢN ĐẠI HỌC SƯ PHẠM
117,119.jpg,TS. TRẦN XUAN TIEP PHẠM HOÀNG - PHAN HOÀNG NGÂN,Đề kiếm tra Toán 9,NHÀ XUẤT BẢN ĐẠI HỌC SƯ PHẠM
118,120.jpg,ĐOÀN QUỲNH (Chủ biên) - TRẦN NAM DŨNG NGUYỄN VŨ LƯƠNG - ĐẶNG HÙNG THẮNG,TÀI LIỆU CHUYÊN TOÁN ĐÀI SỐ VÀ GIẢI TÍCH 11,NHÀ XUẤT BẢN GIÁO DỤC VIỆT NAM
119,121.jpg,4(V.(075) BÙI MẠNH HÙNG (Tổng Chủ biên) NV BÙI MẠNH HÙNG - TRẦN THỊ HIỀN LƯƠNG ĐĐng Chủ biên) 299 ĐỖ HỒNG DƯƠNG - VŨ THỊ THANH HƯƠNG NÚT LẦU THU,TIẾNG VIỆT 2,NHÀ XUẤT BẢN GIÁO DỤC VIỆT NAM
120,122.jpg,TRẦN THỊ HIỀN LƯƠNG (Chủ biên) ĐỖ HỒNG DƯƠNG - VŨ THỊ THANH HƯƠNG - VŨ THỊ LAN NGUYỄN THỊ NGỌC MINH - TRẦN KIM PHƯỢNG KẾT NỐI TRI THỨC VỚI CUỘC SỐNG,Vở bài tập TIẾNG VIỆT 2,NHÀ XUẤT BẢN GIÁO DỤC VIỆT NAM
121,123.jpg,Jane (J.M.D Bedell,"DO Bạn có thể vượt trội Bill Gates hay ông chủ facebook, Mark Zuckerberg chỉ với cú gõ phím thần sầu! Đi ES 8 TICOLES",MESSY ED LOUYT
122,124.jpg,LÊ ANH VINH (Chủ biên) NGUYỄN ÁNG - VŨ VĂN DƯƠNG - NGUYỄN MINH HẢI HOÀNG QUẾ HƯỜNG - BÙI BÁ MẠNH KẾT NỐI TRI THỨC VỚI CUỘC SỐNG,Vở bài tập TOÁN 2 TẬP MỘT 3,NHÀ XUẤT BẢN GIÁO DỤC VIỆT NAM
123,125.jpg,Nguyễn Quang Ninh - Nguyễn Thị Ban,100 bài tập luyện cách dùng dấu câu tiếng Việt,NHÀ XUẤT BẢN GIÁO DỤC
124,126.jpg,TRẦN THỊ VÂN ANH Nhà giáo ưu tú IN LẦN HINH,BÔI DƯỡNG HỌC SINH GIỎI TOÁN ĐẠI SỔ 8,NHÀ XUẤT BẢN ĐẠI HỌC QUỐC GIA HÀ NỘI
125,127.jpg,NGUYÊN HẠNH UYÊN MINH,9,NHÀ XUẤT BẢN ĐẠI HỌC SƯ PHẠM
126,128.jpg,NGUYỄN VĨNH CẬN,TOÁN NÂNG CAO HÌNH HỌC 7 IIn lần thứ tư) MẤT,NHÀ XUẤT BẢN ĐẠI HỌC SƯ PHẠM
127,129.jpg,BỘ GIÁO DỤC VÀ ĐÀO TẠO,GIÁO DỤC CÔNG DÂN 8,NHÀ XUẤT BẢN GIÁO DỰC VIỆT NAM
128,130.jpg,PHẠM TUÂN ANH - NGUYỄN HUÂN BÙI THỊ THANH LƯƠNG - NGÔ VĂN TUẦN,vọc tốt Ngữ văn 8,NHÀ XUẤT BẢN ĐẠI HỌC QUỐC GIA HÀ NỘI
129,131.jpg,TS. TRẦN XUÂN TIẾP PHẠM HOÀNG - PHAN HOÀNG NGÂN,Đề kiếm tra Toán 7,NHÀ XUẤT BẢN ĐẠI HỌC SƯ PHẠM B
130,132.jpg,Vì Húm châ trương Vi Kạ THÁI QUANG VINH-TRẦN THỊ HOÀNG CÚC NGUYỄN THỊ ÚT-TRẦN ĐỨC NIỀM LÊ THỊ NGUYÊN,150 BÀI VĂN HAY TIÊU HỌC,NHÀ XUẤT BẢN ĐÀ MÃNG
131,133.jpg,VŨ TIẾN QUỲNH Mới,GIẢI TIẾNG VIỆT 3 TẬP 1,NHÀ XUẤT BẢN HẢI PHÒNG
132,134.jpg,BÙI VĂN TUYÊN,TOÁN,NHÀ XUẤT BẢN GIÁO DỤC VIỆT NAM
133,135.jpg,VĂN TINH,BAN đắt giá BAO NHIÊU?,Mỹ Linh dịch
134,136.jpg,,NGƯCI HOANG Miel G. dịch JACOB GREY,CHIBOOKS PHO CHI XUẤT BẢN VĂN NÓA - VĂN NGHÊ
135,137.jpg,,Colorful,NHÀ XUẤT BẢN HÔNG ĐỨC
136,138.jpg,BỘ GIÁO DỤC VÀ ĐÀO TẠO,TÀI LIỆU GIÁO DỤC CÔNG DÂN 12 (Tái bản lần thứ mười) TRƯỞNG PITH LÊ GOY BỆ THƯ VIÊN 6 NGUNG,NHÀ XUẤT BẢN GIÁO DỤC
137,139.jpg,VĂN TÌNH,KHÍ CHẬT bao nhiêu HẠNH PHÚC nhiêu bấy,be coar DECOUTS
138,140.jpg,BÙI XUÂN HẢI (Chủ biên) TRỊNH THANH ĐÈO,ĐẠI SỐ hiện đại,NHÀ XUẤT BẢN ĐẠI HỌC QUỐC GIA TP. HỒ CHÍ MINH
139,141.jpg,,ROBIRI IOUIS SIEVIISON ĐẢO GIÁU VÀNG,Người dịch hi Dang Khánh
140,142.jpg,TRÁC NHÃ NGUYỄN PHƯƠNG THẢO,Khéo ăn nói sẽ có được thiên hạ,vh NHÀ XUẤT BẢN VĂN HỌC
141,143.jpg,MARCIA GRAD,Tìm lại Chính mình The Wincess Who Bellerg Tairy Thiles,tâm hón
142,144.jpg,TRUYỆN TRANH DÀNH CHO TUỔI MỚI LỚN ADACHI Mitsurù,Og BẢU MẬU,NHÀ XUẤT BẢN TRẺ
143,145.jpg,TRƯỜNG ĐẠI HỌC SƯ PHẠM TP. HỒ CHÍ MINH,PHÁP LUẬT ĐẠI CƯƠNG,2012
144,146.jpg,ĐẠI HỌC QUỐC GIA TP HỒ CHÍ MINH TRƯỜNG ĐẠI HỌC BÁCH KHOA ĐẶNG VĂN VINH,GIÁO TRÌNH ĐẠI SỐ TUYẾN TÍNH FOG AuQR QUp AMPDP ket(f) NHÀ XUẤT BẢN,ĐẠI HỌC QUỐC GIA TP. HỒ CHÍ MINH
145,147.jpg,TRÍ CƯỜNG,Kỹ thuật sửa chữa XE MÁY CƠ BẢN,NHÀ XUẤT BẢN 0 BÁCH KHOA HÀ NỘI
146,148.jpg,,TEAFREY ARCHER CHI THỜI GIAN CO THẾ CẤT LỜI,truyện 19
147,149.jpg,,ANK,Nguyễn viết tả Anh
148,150.jpg,,1001ĐÊM,NHÀ XUẤT BẢN VĂN HOA SÀI GÒN
149,151.jpg,BỘ GIÁO DỤC VÀ ĐÀO TẠO,GIÁO DỤC CÔNG DÂN 9,NHÀ XUẤT BẢN GIÁO DỤC VIỆT NAM
150,152.jpg,CHOS BỘ GIÁO DỤC VÀ ĐÀO TẠO BOONG,GIÁO DUC CÔNG DÂN 11,NHÀ XUẤT BẢN GIÁO DỤC
151,153.jpg,BẠN TỐT,"Nói nhiều không bằng nói đúng Muốn có mối quan hệ xã hội tốt, hãy bất đầu từ những lời nói làm đẹp lòng mgl người, 36 HQUYẾT BẢN THÁ",NHÀ XUẤT BẢN TRẺ
152,154.jpg,Girine Ya,Bí mất tình yêu phô cAng 9 Phầ ci,SƯỜI THỊ
153,155.jpg,80,gian,Gosho AOYAMA
154,156.jpg,,nguyễn nhật ánh còn chút gì để nhớ,NHÀ XUẤT BẢN TRẺ
155,157.jpg,"NGUYỄN ĐÌNH HUY [Chủ biên) LÊ XUÂN ĐẠI, NGÔ THU LƯƠNG, NGUYỄN BÁ THI, TRẦN NGỌC DIỄM, ĐẬU THẾ PHIỆT",GIẢI TÍCH 2 TI,NHÀ XUẤT BẢN ĐẠI HỌC QUỐC GIA TP. HỒ CHÍ MINH
156,158.jpg,Bảo giả sonh The love story,Côi mật ánh yêu phố Crongel,GirlneYa Giới ngườn vàn người dương. con buết KIN TONG Người dâu yêu đang bước tôi bên minh
157,159.jpg,VŨ ĐÌNH BẢY (Chủ biên) ĐẶNG XUÂN ĐIỀU HOÀNG PHI HẢI,THO DỰC CÔNG DÂN,NHÀ XUẤT BẢN ĐẠI HỌC HUỆ ĐHI
158,160.jpg,,Tài chính doanh nghiệp corporate finance tenth edition,NHÀ XUẤT BẢN KINH TẾ TP HỒ CHÍ MINH
159,161.jpg,SỞ GIÁO DỤC VÀ ĐÀO TẠO TỈNH KHÁNH HÒA TRƯỜNG THPT CHUYÊN LÊ QUÝ ĐÔN,SÁNG KIẾN KINH NGHIỆM Đề tài: MỘT SỐ KINH NGHIỆM THIẾT KẺ HOẠT ĐỘNG KHỞI ĐỘNG RONG CÁC BÀI DẠY MÔN GIÁO DỤC CÔNG DÂN LỚP 10 TẠI TRƯỜNG THPT CHUYÊN LÊ QUÝ ĐỒN - NHA TRANG,Năm học: 2020 - 2021
160,162.jpg,TỔNG CHỦ BIÊN: HÌNH ĐÀO CHỦ BIÊN: KỶ GIANG HỒNG Người dịch: Nguyên Văn Dùng,KHÁM PHÁ NHỮNG BÍ ẨN VỀ NHÂN LOAI,NHÀ XUẤT BẢN MỸ THUẬT
161,163.jpg,PHAN THỊ LẶC-NGUYÊN THANH MAI TRẦN THỊ NHUNG - TRẦN VĂN THẮNG,Giáo dục báo vệ mới trường TRONG MÔN GIÁO DỤC CÔNG DÂN TRUNG HỌC PHÔ THÔNG,NHÀ XUẤT BAN GIAO DỰC
162,164.jpg,ĐỖ CÔNG KHANH ( CHỦ BIÊN) NGUYỄN MINH HẰNG - NGÔ THU LƯƠNG,TOÁN CAO CẤP ĐẠI SỐ TUYÊN TÍNH,NHÀ XUẤT BẢN ĐẠI HỌC QUỐC GIA TP. HỒ CHÍ MINH
163,165.jpg,Vũ Thanh Khiết - Nguyễn Thế Khôi,Bồi dưỡng Học sinh giỏi Vật lí Trung học phổ thông Điện học th,NHÀ XUẤT BẢN GIÁO DỤC VIỆT NAM
164,166.jpg,Phạm Quý Tư,Bồi dưỡng Học sinh giỏi Vật lí Trung học phổ thông Nhiệt học và Vật lí phân tử,NHÀ XUẤT BẢN GIÁO DỤC VIỆT NAM
165,167.jpg,Vũ Thanh Khiết - Tô Giang,Bồi dưỡng Học sinh giỏi Vật lí Trung học phổ thông Điện học 2,XUẤT EẢN GIÁO DỤC VIỆT NAM
166,168.jpg,Vũ Thanh Khiết - Tô Giang,Bồi dưỡng Học sinh giỏi Vật lí Trung học phổ thông Điện học 2,XUẤT EẢN GIÁO DỤC VIỆT NAM
167,169.jpg,ĐẠI HỌC QUỐC GIA TP HỒ CHÍ MINH TRƯỜNG ĐẠI HỌC BÁCH KHOA,VẬT LÝ ĐẠI CƯƠNG A1 (GIÁO TRÌNH NỘI BỘ),TP HỒ CHÍ MINH
168,170.jpg,NGUYỄN NGỌC TUẤN MỚI (Giáo viên chuyên Bồi Dường Học Sinh Giỏi),TUYẾN TẬP ĐẾTH OLYMPIC LT VÂT QUA CÁC THỜI KÌ,NHÀ XUẤT BẢN ĐẠI RỌC QUỐC GIA VÀ NỘI
169,171.jpg,TÔ GIANG - VŨ THANH KHIẾT - NGUYỄN THẾ KHÔI,TÀI LIỆU CHUYÊN VẬT LÍ VẬT LÍ 12,NHÀ XUẤT BẢN GIẢO DỤC VIỆT NAM
170,172.jpg,Ngô Quốc Quýnh,Bồi dưỡng Học sinh giỏi Vật lí Trung học phổ thông Quang học 1,NHÀ XUẤT BẢN GIÁO DỤC VIỆT NAM
171,173.jpg,Tô Giang,Bồi dưỡng Học sinh giỏi Vật lí Trung học phổ thông Cơ học 1,NHÀ XUẤT BẢN GIÁO DỤC VIỆT NAM
172,174.jpg,VŨ THANH KHIẾT-TGẾY THẾ KHÔI,TÀI LIỆU CHUYÊN VẬT LÍ VẬT LÍ 13,NHÀ XUẤT BẢN GIÁO DỤC VIỆT NAM
173,175.jpg,,ĐIỆN TỪ HỌC 10,NHÀ XUẤT BẢN GIÁO DỤC VIỆT NAM Supérieur
174,176.jpg,,CƠ HỌC 2,NHÀ XUẤT BẢN GIÁO DỤC Supérieur
175,177.jpg,,Quang học sóng,NHÀ XUẤT BẢN GIÁO DỤC Supérieur
176,178.jpg,,NHIỆT ĐỘNG HỌC c8,NHÀ XUẤT BẢN GIẢO DỤC Supérieur
177,179.jpg,THE NEW YORK TIMES BESTSELLER,CARL SAGAN UŨ TRỤ,NHÀ XUẤT BẢN nhã nam thế GIỚI THẾ GIỚI
178,180.jpg,NGUYỄN ĐÌNH HUY (CHỦ BIÊN),GIAO TRÍNH GIAE TICH,NHÀ XUẤT BẢN ĐẠI HỌC QUỐC GIA TP. HỒ CHÍ MINH
179,181.jpg,MATTHEW WALKER,SAO CHÚNG TA LẠI NGU TIẾT LỘ SỨC MẠNH CỦA GIẤC NGỦ VÀ NHỮNG GIẤC MƠ Why We Sleep,NHÀ XUẤT BẢN hải đắng LĐ LAO DÔNG
180,182.jpg,CÁNH CỬA MỞ RỘNG TỦ SÁCH HỢP TÁC VỚI NHÀ TOÁN HỌC NGÔ BẢO CHÂU VÀ NHÀ VĂN PHAN VIỆT,PHẢI TRÁU ĐÚNG SAI Michael SANDEL,NHÀ XUẤT BẢN TRẺ
181,183.jpg,ĐỖ CÔNG KHANH (CHỦ BIÊN) NGUYỄN MINH HẰNG - NGÔ THU LƯƠNG,TOÁN CAO CẬP GIẢI TÍCH HÀM MỘT BIÊN LÝ THUYẾT CHUÔI,NHÀ XUẤT BẢN ĐẠI HỌC QUỐC GIA TP.HỒ CHÍ MINH
182,184.jpg,RONALD GAUTREAU - WILLIAM SAVIN,VẬT LÍ HIÊN ĐẠI,NHÀ XUẤT BẢN GIÁO DỤC
183,185.jpg,1244,CUỘC ĐỜI LAN AA,THANH NIÊN
184,186.jpg,-Trở - tở sin'. F. trê +2 0 - rộ'sin O Cos O) F.. ri và - 2r sin 9 +2 Độ cos ) Bài tập và lời giái của các Trường Đại học nối tiếng Hoa Kỳ,BÀI TẬP VÀ LỜI GIẢI CƠ HỌC PROBLEMS AND SOLUTIONS ON MECHANICS,NHÀ XUẤT BẢN GIÁO DỤC VIỆT NAM
185,187.jpg,In Xaveliev,GIÁO TRÌNH Tập 1 VẬT LÝ,ĐẠI CƯƠNG
186,188.jpg,PHẠM VĂN THIỀU (Chủ biên) TRẦN TRUNG HIẾU (Stau tám và biên soan),BÀI TẬP Cơ học CÓ LỜI GIẢI Tập 1,NHÀ XUẤT BẢN ĐẠI HỢC QUỐC GIA HÀ NỘI
187,189.jpg,PHẠM VĂN THIỀU (Chủ biên) TRẦN TRUNG HIỂU (Sưu tầm và biên soạn),BÀI TẬP Cơ học CÓ LỜI GIẢI 21 Tập 2,HÀ XUẤT BẢN ĐẠI HỌC QUỐC GIA HÀ NỘI
188,190.jpg,PGS. TS. VŨ THANH KHIẾT [Chủ biên) PGS.TS.NGUYỄN ĐÌNH NOÃN - VŨ ĐÌNH TUÝ,CƠ HỌC CHẤT LƯU VÂT LÍ THIÊN VĂN,NHÀ XUẤT BẢN GIÁO DỤC
189,191.jpg,BAN TỔ CHỨC KÌ THI,Thi Vật,HÀ XUẤT BẢN ĐẠI HỌC QUỐC GIA HÀ NỘI
190,192.jpg,20GBV LÊ THANH HOẠCH PHAN VĂN THÍCH PHẠM THỨC TUYÊN,HÀ,NHÀ XUẤT BẢN ĐẠI HỌC VÀ GIÁO DỤC CHUYỆN NGITHỆP
191,193.jpg,V.Langué Pon Đinh Nhm,NHỮNG BÀI TẬP HAY VỀ THÍ NGHIỆM VẬT LÍ,NHÀ XUẤT BẢN GIÁO DỤC
192,194.jpg,NGUYỄN QUANG HẬU,BÀI TÂP VẬT LÝ ĐẠI CƯƠNG TẬP 2,NHÀ XUẤT BẢN ĐẠI HỌC QUỐC GIA HÀ NỘI
193,195.jpg,SUPERPOWER - THREE CHOICES FOR AMERICA'S ROLE IN THE WORLD,SIÊU CƯỜNG BA LỰA CHỌN VẼ VAI TRÒ CỦA HOA KỲ ĐỐI VỚI THẾ GIỚI IAN BREAMMER,NHÀ XUẤT BẢN TRẺ
194,196.jpg,TRẦN TRỌNG KIM - NGUYỄN VĂN NGỌC - ĐẶNG ĐÌNH PHÚC - ĐỖ THẬN biên soạn In lần thứ 8,QUỐC VĂN GIÁO KHOA THƯ,NHÀ XUẤT BẢN TRẺ
195,197.jpg,MÙI,TRẦN DI,NHÀ XUẤT BẢN TRẺ
196,198.jpg,CON LỜ LÊ LAN ANH Kim Ngân minh hoạ TỪNG,Lớn lên theo từng chuyến đi,NHÀ XUẤT BẢN TRẺ
197,199.jpg,,KHÔNG CÓ TRẺ HƯ,NHÀ XUẤT BẢN TRẺ
198,200.jpg,VŨ ĐÌNH BẢY (chủ biên) ĐẶNG XUÂN ĐIỀU - VŨ VĂN THỤC TẬP 2,Vở bài tập GIÁO DỤC CÔNG DÂN 9,NHÀ XUẤT BẢN ĐẠI HỌC QUỐC GIA HÀ NỘI HÀ NỌI
199,201.jpg,TUYỂN TẬP TRUYỆN NGĂN PHẬT GIÁO,Động cửa thiền,NHÀ XUẤT BẢN THANH NIÊN
200,202.jpg,BỘ GIÁO DỤC VÀ ĐÀO TẠO,GIÁO DỤC CÔNG DÂN 10,NHÀ XUẤT BẢN GIÁO DỤC
201,203.jpg,PHÙNG BỘ - TRÂN THÊ VĨNH - TRƯƠNG BÍCH CHÂU,Bài TẬP GIÁO DỤC CÔNG DÂN 11,NHÀ XUẤT BẢN GIÁO DỤC
202,204.jpg,BỘ GIÁO DỤC VÀ ĐÀO TẠO,GIÁO DỤC CÔNG DÂN,NHÀ XUẤT BẢN GIÁO DỰC
203,205.jpg,BỘ GIÁO DỤC VÀ ĐÀO TẠO,"GIÁO TRÌNH KINH TẾ CHÍNH TRỊ MÁC LÊNIN (Dùng cho các khối ngành Kinh tế Quản trị kinh doanh trong các trường đại học, cao đắng) (Tái bản lần thứ hai có sửa chữa, bổ sung) STA",NHÀ XUẤT BẢN CHÍNH TRỊ QUỐC GIA
204,206.jpg,ỦY BAN AN TOÀN GIAO THÔNG QUỐC GIA BỘ GIÁO DỤC VÀ ĐÀO TẠO,GIÁO DỰC TRẬT TỰ ÁN TOÀN GIẢO THÔNG,NHÀ XUẤT BẢN GIAO THÔNG VẬN TẢI
205,207.jpg,BỘ GIÁO DỤC VÀ ĐÀO TẠO,TÀI LIỆU GIÁO DỤC CÔNG DÂN 12 (Tái bản lần thứ mười) TRƯỞNG PITH LÊ GOY BỆ THƯ VIÊN 6 NGUNG,NHÀ XUẤT BẢN GIÁO DỤC
206,208.jpg,BỘ GIÁO DỤC VÀ ĐÀO TẠO,GIÁO DỤC CÔNG DÂN 10,Sách giáo viên
207,209.jpg,BỘ GIÁO DỤC VÀ ĐÀO TẠO HOÀNG CHÍ BẢO - TRẦN CHƯƠNG NGUYỄN TIẾN CƯỜNG - PHẠM KẾ THỂ,Hướng dẫn giảng dạy GIÁO DỤC CÔNG DÂN 11 (Tái bản lần thứ bảy) TRƯƠNG PHO THE CHO CHO CON THI GEYSING,NHÀ XUẤT BẢN GIÁO DỤC
208,210.jpg,VU HONG TIẾN COU biên) PHẠM VĂN CHIN-PHAM KỂ THE,BÔI DƯỡNG NỘI DUNG VA PHƯƠNG PHÁP GIẢNG DAY GIÁO DỤC CÔNG DÂN H,XUẤT BẢN ĐAI HỌC QUỐC GIA HÀ NỔI - 1999
209,211.jpg,SH NGUYÊN TIẾN CƯỜNG (Chủ biên) cry220,HƯƠNG DÂN HỌC GIÁO DỤC CÔNG DÂN 12,NHÀ XUẤT BẢN GIÁO DỤC
210,212.jpg,MARCIA GRAD,Tìm lại Chính mình The Wincess Who Bellerg Tairy Thiles,tâm hón
211,213.jpg,UY BẠN NHÂN DÂN TÌNH KHÁNH HÒA SỞ THÔNG TIN VÀ TRUYỀN THÔNG,TÌM HIỂU PHÁP LUẬT VỀ AN TOÀN GIAO THÔNG,"Khánh Hòa, tháng 122011"
212,214.jpg,TRƯỜNG ĐẠI HỌC SƯ PHẠM TP. HỒ CHÍ MINH,PHÁP LUẬT ĐẠI CƯƠNG,2012
213,215.jpg,TRƯƠNG ĐẠI HỌC SƯ PHẠM,PHÁP LUẬT VIỆT NAM ĐẠI CƯƠNG,Biên soan : Ths. Phạm Thị Thu Thanh TP. HỒ CHÍ MINH - 2002
214,216.jpg,VŨ ĐINH BAY CHO PHI HOÀI THU (Đồng chủ biện ĐANG XUÂN ĐOÀN ĐOÀN ĐOÀN ĐOẠNG PẠI HÁI NGUYÊN THÁNH TUNH LÊ VIỆT MOT,CAI LIỚI BỐI ĐƯỜNG KIẾN THỨC PHÁP XUẤT CHO GIÁO VIÊN HÔN GIAO DỰC CÔNG DÂN O THƯƠNG PHÔ CHÓNG,NHÀ XUẤT BẢN LY LUÂN CHINH TR
215,217.jpg,TUYỂN TẬP TRUYỆN NGẮN PHẬT GIÁO,Động cửa thiền,NHÀ XUẤT BẢN THANH NIÊN
216,218.jpg,LÊ SBINV BỘ GIÁO DỤC VÀ ĐÀO TẠO,GIÁO DỤC CÔNG DÂN 10,NHÀ XUẤT BẢN GIÁO DỤC
217,219.jpg,VŨ HỒNG TIẾN-TRẦN VĂN THÁNG PHÍ VĂN THỨC NGUYỄN THỊ HOẠ,Bài tập trắc nghiệm GIÁO DỤC CÔNG DÂN II,NHÀ XUẤT BẢN GIẢO DỤC
218,220.jpg,BỘ GIÁO DỤC VÀ ĐÀO TẠO,GIÁO DỤC CÔNG DÂN 9,NHÀ XUẤT BẢN GIÁO DỤC VIỆT NAM
219,221.jpg,CHOS BỘ GIÁO DỤC VÀ ĐÀO TẠO BOONG,GIÁO DUC CÔNG DÂN 11,NHÀ XUẤT BẢN GIÁO DỤC
220,222.jpg,THÁI QUỐC TUẤN-TRẦN KIM NHUNG (CB) NGUYỄN NGỌC DUNG-TŨ MINH PHAN- NGUYỄN VĂN LIÊM,THỰC HÀNH Giáo dục công dân 12,NHÀ XUẤT BẢN GIÁO DỤC
221,223.jpg,TRẦN VĂN CHƯƠNG (Chủ biên) NGUYỄN HỮU KHẢI - PHẠM QUỲNH - LƯU THU THUỶ,Thực hành GIÁO DỤC CÔNG DĂN 10,NHÀ XUẤT BẢN GIÁO DỤC
222,224.jpg,ĐỘ GIẢO DỤC VÀ DAO TẠO,GIẢO DUC CÔNG DÂN 12,NHÀ XUẤT BẢN GIÁO DỤC
223,225.jpg,1..00) SAIN BỘ GIÁO DỤC VÀ ĐẢO TẠO,GIÁO DỤC CÔNG DÂN 10,NHÀ XUẤT BẢN GIÁO DỤC
224,226.jpg,VŨ ĐÌNH BẢY (Chủ biên) ĐẶNG XUÂN ĐIỀU - ĐỖ VĂN KHẢI LUYỆN THPT,BÀI TẬP TRẮC NGHIỆM GIÁO DỤC CÔNG DÂN 12,NHÀ XUẤT BẢN ĐẠI HỌC QUỐC GIA HÀ NỘI HÀ NHI
225,227.jpg,VŨ ĐÌNH BẢY (chủ biên) ĐẶNG XUÂN ĐIỀU - VŨ VĂN THỤC TẬP 1,Vở bài tập GIÁO DỤC CÔNG DÂN 9,NHÀ XUẤT BẢN ĐẠI HỌC QUỐC GIA HÀ NỘI
226,228.jpg,VŨ ĐÌNH BẢY (Chủ biên) ĐẶNG XUÂN ĐIỀU HOÀNG PHI HẢI,THO DỰC CÔNG DÂN,NHÀ XUẤT BẢN ĐẠI HỌC HUỆ ĐHI
227,229.jpg,NGUYỄN ANH PHONG - CAO,KỸ THUẬT LAN TỎA CHINH PHỤC TOÀN DIỆN LÝ THUYẾT HÓA HỌC,NHÀ XUẤT BẢN ĐẠI HỌC QUỐC GIA HÀ NỘI
228,230.jpg,MỚI PGS.TS.NGUYỄN QUANG LẠC TS. NGUYỄN THỊ NHỊ,Kỹ thuật giải nhanh BÀI TẬP VẤT LÍ 11,0 HÀ NỘI
229,231.jpg,MƠI NGUYỄN ĐINH THÀNH CÔNG - NGUYỄN VĂN HƯƠNG - NGUYỄN DUY HƯNG,RÈN LUYỆN TƯ DUY CÔNG PHÁ BÁT ĐĂNG THỨC,NỌI
230,232.jpg,DƯƠNG ĐỨC KIM - ĐỖ DUY ĐỔNG,9 GIÁI BÀI TẬP TOAN TẬP MỘT 0,NHÀ XUẤT BẢN TỔNG HỢP THÀNH PHỐ HỒ CHÍ MINH
231,233.jpg,BAN TỔ CHỨC KÌ THI,Thi Vật,HÀ XUẤT BẢN ĐẠI HỌC QUỐC GIA HÀ NỘI
232,234.jpg,TRẦN THỊ VÂN ANH - MỚI,2 TÀI LIỆU ÔN THI VÀO LỚP 10 Môu TOÁN,HÀ XUẤT BẢN ĐẠI HỌC QUỐC GIA HÀ NỘI
233,235.jpg,VŨ HỮU BÌNH (Chủ biên),ÔN TẬP 9 ĐAI SỔ,NHÀ XUẤT BẢN GIÁO DỤC
234,236.jpg,SONG,Hướng dẫn giải bài tập TOÁN 6,TẬP HAI 1996
235,237.jpg,NGUYỄN ĐÌNH TRÍ (Chủ biên) TẠ VĂN ĐÌNH - NGUYÊN HỒ QUỲNH,Bài tập TOÁN CAO CẤP Tập một Đại số và Hình học giái tích,NHÀ XUẤT BẢN GIÁO DỤC VIỆT NAM
236,238.jpg,Alekxander Kurlyandsky & Alexey Kotyonochkin,Hãy đợi đấy! BỘ TRUYỆN TRANH NỔI TIẾNG THẾ GIỚI CUỘC ĐỐI ĐÁU LÝ THÚ GIỮA GÀ SÓI VÀ CHÚ THỎ THÔNG MINH 3,VĂN HOA
237,239.jpg,VN TK,SHERLOCK HOLMES Tiểu thuyết ARTHUR CONAN DOYLE,vh
238,240.jpg,,nguyễn nhật ánh thằng quỷ nhỏ CONG,NHÀ XUẤT BẢN TRẺ
239,241.jpg,BÙI VĂN TUYÊN,NÂNG CAO VÀ BÀI TẬP MỘT SỐ CHUYÊN ĐỀ TOÁN B,NHÀ XUẤT BẢN GIÁO DỤC VIỆT NAM
240,242.jpg,NGUYỄN VÌNH CẬN - LÊ KHẮC BẢO - VŨ THẾ HỰU LÊ ĐÌNH PHI - PHAN THANH QUANG - PHẠM ĐAN QUẾ,oán nàng cao chọn lọc LỚP 6,NHÀ XUẤT BẢN GIẢO DỤC
241,243.jpg,MAI LAN HƯƠNG NGUYỄN THANH LOAN,BÀI TẬP TIÊNG ANH 1018,TÁI BÁN NĂM 2011 CÓ CHỈNH LÝ & BỔ SUNG nbbĐ Đà Nằng
242,244.jpg,GIAO DỤC VÀ ĐAO TẠO,9 TOÁN,NHÀ XUẤT BẢN GIÁO DỰC
243,245.jpg,"NGUYÊN THÀNH TƯƠNG Luyện thì Tú tài Đại học, Cao đằng",0,HÀ XUẤT BẢN ĐẠI HỌC SƯ PHẠM
244,246.jpg,,Quang học sóng,NHÀ XUẤT BẢN GIÁO DỤC Supérieur
245,247.jpg,THS.TRẦN THANH BÌNH,BỘ ĐỀ THI TRẮC NGHIỆM VẬT LÍ 12,NHÀ XUẤT BẢN ĐẠI HỌC QUỐC GIA TP. HỒ CHÍ MINH
246,248.jpg,DƯƠNG ĐỨC KIM - ĐỖ DUY ĐỒNG,GIẢI BÀI TẬP HÌNH HỌC 10,NHÀ XUẤT BẢN TỔNG HỢP THÀNH PHỐ HỒ CHÍ MINH
247,249.jpg,CÙ THANH TOÀN ABI MỚI,BÔI DƯỡNG HỌC SINH GIỎI HOA HỌC Bồi dưỡng & nâng cao kĩ năng làm bài. 8,NHÀ XUẤT BẢN ĐẠI HỌC QUỐC GIA HÀ NỘI
248,250.jpg,MATTHEW WALKER,SAO CHÚNG TA LẠI NGU TIẾT LỘ SỨC MẠNH CỦA GIẤC NGỦ VÀ NHỮNG GIẤC MƠ Why We Sleep,NHÀ XUẤT BẢN hải đắng LĐ LAO DÔNG
249,251.jpg,HUỲNH BÁ LỘC,TOAN 9,NHÀ XUẤT BẢN GIÁO DỤC VIỆT NAM
250,252.jpg,HUỲNH BÁ LỘC - NGUYỄN THẾ THẠCH,ÔN TẬP - CỦNG CỐ KIẾN THỨC TOÁN 9,NHÀ XUẤT BẢN GIÁO DỤC VIỆT NAM
251,253.jpg,TÔN THÂN (Chủ biên) VŨ HỮU BÌNH - PHẠM GIA ĐỨC-TRĂN LUẬN,7 BÀI TẬP TOÁN TẬP MỘT LOR,NHÀ XUẤT BẢN GIÁO DỤC
252,254.jpg,BỘ GIAO DỤC VÀ ĐAO TAO,Tiếng Anh 7,English
253,255.jpg,Grần Li Minh Gri Quốt-2008 LÊ MẬU THẢO - LÊ MẬU THỐNG (Biên soạn),RÈN KĨ NĂNG GIẢI BÀI TẬP TOÁN 7,NHÀ XUẤT BẢN ĐẠI HỌC QUỐC GIA TP HỒ CHÍ MINH
254,256.jpg,In Xaveliev,GIÁO TRÌNH Tập 1 VẬT LÝ,ĐẠI CƯƠNG
255,257.jpg,BỘ GIÁO DỤC VÀ ĐÀO TẠO,SINH HỌC 7,NHÀ XUẤT BẢN GIẢO DỤC
256,258.jpg,,Cuộc phiêu lưu kì lạ của Karik và Valia,NHÀ NGẤT BẢN VH O DONGA
257,259.jpg,DƯƠNG ĐỨC KIM - ĐÔ DUY ĐỒNG,TA,NHÀ XUẤT BẢN ĐẠI HỌC SƯ PHẠM
258,260.jpg,NGUYỄN NHẬT ÁNH,Đào Mông Mơ Truyện Cuốn sách bán chạy nhất,Hội sách TP Hồ Chí Minh 2010 (Tái bản lần thứ 16) DONGA
259,261.jpg,COLLECT CLASSIC BOOK,Bin giấu dang,ROBERT LOUIS SIEVENSON
260,262.jpg,A USTEN JANE,Kiêu Hiến Hanh VÀ,ĐỊNH NHẾN
261,263.jpg,,Jane Cyre,HUYHOANG
262,264.jpg,THOMAS HARRIS,CULE,PHẠM HÔNG ANH dịch
263,265.jpg,,Steve Jobs,Côi
264,266.jpg,Ch.M.MONTGOMERY,Fone locd,NHÀ XUẤT BẢN HỘI NHÀ VĂN
265,267.jpg,,10C TRUYỆN CỔ TÍCH VIỆT NAM,NHÀ XUẤT BẢN VH O ĐÔNGA
266,268.jpg,,The Cho ch GUYÊN PHONG Joctather Chu Mario NHÀ CHI ĐÔNGA NY LIVES - MANY TIMES NGỌC THỨ LANG dịch Pizo,Bố ulà
267,269.jpg,,Colorful,KHÀ XUẤT BẢN TRẺ
268,270.jpg,NOBEL VĂN CHƯƠNG 1983,William Golding chúa ruồi,3
